{"cameraMode":{"drawMode":0,"name":"Shaded","section":"Shading Mode"},"sceneLighting":true,"audioPlay":false,"sceneViewState":{"showFog":true,"showMaterialUpdate":false,"showSkybox":true,"showFlares":true,"showImageEffects":true,"showParticleSystems":true},"in2DMode":false,"pivot":{"x":73.12186431884766,"y":334.9307861328125,"z":858.5350341796875},"rotation":{"x":-0.0685577243566513,"y":-0.04787277430295944,"z":-0.0032935154158622028,"w":0.9964924454689026},"size":1174.2169189453125,"orthographic":false}