{"cameraMode":{"drawMode":0,"name":"Shaded","section":"Shading Mode"},"sceneLighting":false,"audioPlay":false,"sceneViewState":{"showFog":true,"showMaterialUpdate":false,"showSkybox":false,"showFlares":true,"showImageEffects":true,"showParticleSystems":true},"in2DMode":false,"pivot":{"x":1.9800000190734864,"y":-1.7285518646240235,"z":-0.047711923718452457},"rotation":{"x":0.052376147359609607,"y":0.9361684322357178,"z":0.15847474336624146,"w":-0.309404581785202},"size":12.570329666137696,"orthographic":false}